ID,firstName,lastName,address_ID
17446823-200f-45e7-aab9-c75d6588a758,firstName-17446823,lastName-17446823,57790684-8123-4c30-bc55-ca6d69e2f5ed
17446824-bb14-4148-ba7e-9f6076ee2f09,firstName-17446824,lastName-17446824,57790684-8123-4c30-bc55-ca6d69e2f5ed
17446825-0fae-4812-b430-c064fc2563a9,firstName-17446825,lastName-17446825,57790684-8123-4c30-bc55-ca6d69e2f5ed
17446826-9ce9-401d-8a8f-09b62c154de1,firstName-17446826,lastName-17446826,57790684-8123-4c30-bc55-ca6d69e2f5ed
17446827-68e5-45ea-b9fd-f43f923f5ca1,firstName-17446827,lastName-17446827,57790684-8123-4c30-bc55-ca6d69e2f5ed
17446828-d42c-4a50-bfdd-62870f4cce8b,firstName-17446828,lastName-17446828,57790684-8123-4c30-bc55-ca6d69e2f5ed
17446829-c1ff-4954-9ba1-af29ce43f568,firstName-17446829,lastName-17446829,57790684-8123-4c30-bc55-ca6d69e2f5ed
17446830-d6b4-447f-b2a6-2d34d84d654e,firstName-17446830,lastName-17446830,57790684-8123-4c30-bc55-ca6d69e2f5ed
17446831-3786-4d53-ad27-b6e4baa8897d,firstName-17446831,lastName-17446831,57790684-8123-4c30-bc55-ca6d69e2f5ed
17446832-42e0-4aa3-b352-cab17f9a1efa,firstName-17446832,lastName-17446832,57790684-8123-4c30-bc55-ca6d69e2f5ed
17446833-897d-49f0-9062-b70e6dcba9b1,firstName-17446833,lastName-17446833,57790684-8123-4c30-bc55-ca6d69e2f5ed
17446834-4381-479c-8755-ec90e2557091,firstName-17446834,lastName-17446834,57790684-8123-4c30-bc55-ca6d69e2f5ed
17446835-07c6-4ca6-8b1f-c000a4f181d1,firstName-17446835,lastName-17446835,57790684-8123-4c30-bc55-ca6d69e2f5ed
17446836-eed9-4ac4-87cc-2022bc4654cd,firstName-17446836,lastName-17446836,57790684-8123-4c30-bc55-ca6d69e2f5ed
17446837-caeb-4a5f-a4cb-6c3061357a69,firstName-17446837,lastName-17446837,57790684-8123-4c30-bc55-ca6d69e2f5ed
17446838-fd74-4480-a76f-5ca295c692bd,firstName-17446838,lastName-17446838,57790684-8123-4c30-bc55-ca6d69e2f5ed
17446839-5932-4fbd-ac61-387b8a139edc,firstName-17446839,lastName-17446839,57790684-8123-4c30-bc55-ca6d69e2f5ed
17446840-63dc-4d33-bc80-e1485021b41a,firstName-17446840,lastName-17446840,57790684-8123-4c30-bc55-ca6d69e2f5ed
17446841-fac2-4948-acf4-127db2474498,firstName-17446841,lastName-17446841,57790684-8123-4c30-bc55-ca6d69e2f5ed
17446842-76a1-4601-945e-3ca3be7270c4,firstName-17446842,lastName-17446842,57790684-8123-4c30-bc55-ca6d69e2f5ed
17446843-8e93-42c5-90a4-dc4f07e16031,firstName-17446843,lastName-17446843,57790684-8123-4c30-bc55-ca6d69e2f5ed
17446844-866e-4fe3-ba22-ab40b2920665,firstName-17446844,lastName-17446844,57790684-8123-4c30-bc55-ca6d69e2f5ed
17446845-1c4d-4582-8d29-2574e909cf4e,firstName-17446845,lastName-17446845,57790684-8123-4c30-bc55-ca6d69e2f5ed
17446846-ce0b-47fe-8c3e-19ebb0edbd96,firstName-17446846,lastName-17446846,57790684-8123-4c30-bc55-ca6d69e2f5ed
17446847-5b26-410c-ad84-739216594cd0,firstName-17446847,lastName-17446847,57790684-8123-4c30-bc55-ca6d69e2f5ed
17446848-70d6-43c9-9eff-8a8c36ef4f57,firstName-17446848,lastName-17446848,57790684-8123-4c30-bc55-ca6d69e2f5ed
17446849-0a0d-4984-ba80-b633622fb7e1,firstName-17446849,lastName-17446849,57790684-8123-4c30-bc55-ca6d69e2f5ed
17446850-df17-4e15-be46-b6e65fe9dcc3,firstName-17446850,lastName-17446850,57790684-8123-4c30-bc55-ca6d69e2f5ed
17446851-3e88-4808-8a49-87b23db51d36,firstName-17446851,lastName-17446851,57790684-8123-4c30-bc55-ca6d69e2f5ed
17446852-6a4d-4f71-bac1-68dd1c3d8910,firstName-17446852,lastName-17446852,57790684-8123-4c30-bc55-ca6d69e2f5ed
17446853-7e4f-4c17-8216-f77d34c7bf63,firstName-17446853,lastName-17446853,57790684-8123-4c30-bc55-ca6d69e2f5ed
17446854-f703-4b46-bdbd-aa34314b68f2,firstName-17446854,lastName-17446854,57790684-8123-4c30-bc55-ca6d69e2f5ed
17446855-6f7d-4b5a-ad7c-0380b24c7488,firstName-17446855,lastName-17446855,57790684-8123-4c30-bc55-ca6d69e2f5ed
17446856-38f0-454c-aa17-f094dad29cce,firstName-17446856,lastName-17446856,57790684-8123-4c30-bc55-ca6d69e2f5ed
17446857-bc49-4b88-bc35-3841f4ce5d6b,firstName-17446857,lastName-17446857,57790684-8123-4c30-bc55-ca6d69e2f5ed
17446858-9ef9-4261-992e-e3adf91ffc8b,firstName-17446858,lastName-17446858,57790684-8123-4c30-bc55-ca6d69e2f5ed
17446859-ea36-4ffc-b1f2-fe1e5b78f6bb,firstName-17446859,lastName-17446859,57790684-8123-4c30-bc55-ca6d69e2f5ed
17446860-2caf-4e2f-ae9e-f68935c787b5,firstName-17446860,lastName-17446860,57790684-8123-4c30-bc55-ca6d69e2f5ed
17446861-2bbe-440b-a182-c3646e3a0ce4,firstName-17446861,lastName-17446861,57790684-8123-4c30-bc55-ca6d69e2f5ed
17446862-0020-45a3-a3a8-b3c2c8d73055,firstName-17446862,lastName-17446862,57790684-8123-4c30-bc55-ca6d69e2f5ed
17446863-5b8d-4b7f-acf6-9cab42029901,firstName-17446863,lastName-17446863,57790684-8123-4c30-bc55-ca6d69e2f5ed
17446864-b926-41a6-bf9a-6ae3935e03dc,firstName-17446864,lastName-17446864,57790684-8123-4c30-bc55-ca6d69e2f5ed
17446865-e7fe-46ef-8a6e-4a97002d6774,firstName-17446865,lastName-17446865,57790684-8123-4c30-bc55-ca6d69e2f5ed
17446866-f3fb-4860-b480-3463b833e157,firstName-17446866,lastName-17446866,57790684-8123-4c30-bc55-ca6d69e2f5ed
17446867-3e50-4212-99e5-29a5a9f3cf3c,firstName-17446867,lastName-17446867,57790684-8123-4c30-bc55-ca6d69e2f5ed
17446868-6e41-450a-92cf-39ce8d7ec061,firstName-17446868,lastName-17446868,57790684-8123-4c30-bc55-ca6d69e2f5ed
17446869-cd11-41b4-ac34-457f102dd1f8,firstName-17446869,lastName-17446869,57790684-8123-4c30-bc55-ca6d69e2f5ed
17446870-e171-43c8-b897-805ad1640594,firstName-17446870,lastName-17446870,57790684-8123-4c30-bc55-ca6d69e2f5ed
17446871-bea6-4059-b648-e3f260d56090,firstName-17446871,lastName-17446871,57790684-8123-4c30-bc55-ca6d69e2f5ed
17446872-fdfe-463d-b9cb-e42f1e12f97a,firstName-17446872,lastName-17446872,57790684-8123-4c30-bc55-ca6d69e2f5ed
17446873-68f8-4240-91ce-977e1b7b5a87,firstName-17446873,lastName-17446873,57790684-8123-4c30-bc55-ca6d69e2f5ed
17446874-75bb-4b60-9b01-5c8b3477e7e8,firstName-17446874,lastName-17446874,57790684-8123-4c30-bc55-ca6d69e2f5ed
17446875-34cb-432d-aa2a-781358c21aa7,firstName-17446875,lastName-17446875,57790684-8123-4c30-bc55-ca6d69e2f5ed
17446876-6867-4f86-a5ff-28adb39196e6,firstName-17446876,lastName-17446876,57790684-8123-4c30-bc55-ca6d69e2f5ed
17446877-9f71-4a4f-ae7f-acf3a9c8f68b,firstName-17446877,lastName-17446877,57790684-8123-4c30-bc55-ca6d69e2f5ed
17446878-5771-48da-9c20-11d2c5189173,firstName-17446878,lastName-17446878,57790684-8123-4c30-bc55-ca6d69e2f5ed
17446879-fafc-4cbd-a78f-85abb81b4f78,firstName-17446879,lastName-17446879,57790684-8123-4c30-bc55-ca6d69e2f5ed
17446880-e310-456a-b7fe-d1f992871c94,firstName-17446880,lastName-17446880,57790684-8123-4c30-bc55-ca6d69e2f5ed
17446881-9da6-48d4-87bf-369c918a103f,firstName-17446881,lastName-17446881,57790684-8123-4c30-bc55-ca6d69e2f5ed
17446882-4db5-4f59-bd89-4f651d5a575b,firstName-17446882,lastName-17446882,57790684-8123-4c30-bc55-ca6d69e2f5ed
17446883-2f4d-42aa-a0f9-997353eee712,firstName-17446883,lastName-17446883,57790684-8123-4c30-bc55-ca6d69e2f5ed
17446884-bf9a-4b01-bad5-18353fe127ea,firstName-17446884,lastName-17446884,57790684-8123-4c30-bc55-ca6d69e2f5ed
17446885-da17-4e9b-947d-af31c929a254,firstName-17446885,lastName-17446885,57790684-8123-4c30-bc55-ca6d69e2f5ed
17446886-c942-4700-8518-351cde468327,firstName-17446886,lastName-17446886,57790684-8123-4c30-bc55-ca6d69e2f5ed
17446887-e94a-410c-9cb9-d98ac09065dc,firstName-17446887,lastName-17446887,57790684-8123-4c30-bc55-ca6d69e2f5ed
17446888-0734-44ee-8161-857d798bd577,firstName-17446888,lastName-17446888,57790684-8123-4c30-bc55-ca6d69e2f5ed
17446889-fbec-445a-9da7-c62cfb48a8a6,firstName-17446889,lastName-17446889,57790684-8123-4c30-bc55-ca6d69e2f5ed
17446890-560d-437f-8c62-dfd1c1305990,firstName-17446890,lastName-17446890,57790684-8123-4c30-bc55-ca6d69e2f5ed
17446891-9ae9-411b-9d7d-4821d7c5cbe1,firstName-17446891,lastName-17446891,57790684-8123-4c30-bc55-ca6d69e2f5ed
17446892-8efc-4906-b463-987f04d2c801,firstName-17446892,lastName-17446892,57790684-8123-4c30-bc55-ca6d69e2f5ed
17446893-7da4-498e-abd8-3ab31e40d268,firstName-17446893,lastName-17446893,57790684-8123-4c30-bc55-ca6d69e2f5ed
17446894-03d5-476b-9a94-1c71e84b4e46,firstName-17446894,lastName-17446894,57790684-8123-4c30-bc55-ca6d69e2f5ed
17446895-a14a-4c26-a66a-d05691cdfb09,firstName-17446895,lastName-17446895,57790684-8123-4c30-bc55-ca6d69e2f5ed
17446896-777b-42b2-b36b-932ddac56bb7,firstName-17446896,lastName-17446896,57790684-8123-4c30-bc55-ca6d69e2f5ed
17446897-af79-4bf0-8b7c-ba581478e5e8,firstName-17446897,lastName-17446897,57790684-8123-4c30-bc55-ca6d69e2f5ed
17446898-220b-49b6-bbb6-a3dafec5f1ec,firstName-17446898,lastName-17446898,57790684-8123-4c30-bc55-ca6d69e2f5ed
17446899-a596-41c1-86c5-5498e0f981ba,firstName-17446899,lastName-17446899,57790684-8123-4c30-bc55-ca6d69e2f5ed
17446900-eb6c-4c47-b362-890e8017b0ad,firstName-17446900,lastName-17446900,57790684-8123-4c30-bc55-ca6d69e2f5ed
17446901-a5fc-401c-93c9-1c145532e1bb,firstName-17446901,lastName-17446901,57790684-8123-4c30-bc55-ca6d69e2f5ed
17446902-34f0-4053-b283-5033ae0ec0a5,firstName-17446902,lastName-17446902,57790684-8123-4c30-bc55-ca6d69e2f5ed
17446903-ce17-4ca8-9db9-f44be61c8cea,firstName-17446903,lastName-17446903,57790684-8123-4c30-bc55-ca6d69e2f5ed
17446904-2031-4faf-92eb-b3db24cc56e9,firstName-17446904,lastName-17446904,57790684-8123-4c30-bc55-ca6d69e2f5ed
17446905-7e06-4373-bd5a-833bf9572ff4,firstName-17446905,lastName-17446905,57790684-8123-4c30-bc55-ca6d69e2f5ed
17446906-8fcf-4fc8-930e-e9f3c8aa2880,firstName-17446906,lastName-17446906,57790684-8123-4c30-bc55-ca6d69e2f5ed
17446907-cbc1-43a9-82cd-02fc038fb5bc,firstName-17446907,lastName-17446907,57790684-8123-4c30-bc55-ca6d69e2f5ed
17446908-1690-4bdf-a271-ac796f90fe49,firstName-17446908,lastName-17446908,57790684-8123-4c30-bc55-ca6d69e2f5ed
17446909-2afc-4046-a827-f9d81e1e0d25,firstName-17446909,lastName-17446909,57790684-8123-4c30-bc55-ca6d69e2f5ed
17446910-1b96-4335-ac70-8de360eb2868,firstName-17446910,lastName-17446910,57790684-8123-4c30-bc55-ca6d69e2f5ed
17446911-eaa6-4efd-885a-c3ae83b02531,firstName-17446911,lastName-17446911,57790684-8123-4c30-bc55-ca6d69e2f5ed
17446912-1ac8-4b93-888c-ccda04efba8f,firstName-17446912,lastName-17446912,57790684-8123-4c30-bc55-ca6d69e2f5ed
17446913-3de6-4091-a3be-4531e610fe29,firstName-17446913,lastName-17446913,57790684-8123-4c30-bc55-ca6d69e2f5ed
17446914-be4f-4433-8241-44ceeba4e592,firstName-17446914,lastName-17446914,57790684-8123-4c30-bc55-ca6d69e2f5ed
17446915-60ff-462a-820d-6964d6f294f8,firstName-17446915,lastName-17446915,57790684-8123-4c30-bc55-ca6d69e2f5ed
17446916-fd05-44d1-a435-957b005a2049,firstName-17446916,lastName-17446916,57790684-8123-4c30-bc55-ca6d69e2f5ed
17446917-d229-4bd3-8f3c-db2b65cea7b8,firstName-17446917,lastName-17446917,57790684-8123-4c30-bc55-ca6d69e2f5ed
17446918-c208-439a-bd9f-cfa3715686b2,firstName-17446918,lastName-17446918,57790684-8123-4c30-bc55-ca6d69e2f5ed
17446919-97d7-442d-9bc3-a8d481f92295,firstName-17446919,lastName-17446919,57790684-8123-4c30-bc55-ca6d69e2f5ed
17446920-c5cb-4ba2-a843-f3785e6928da,firstName-17446920,lastName-17446920,57790684-8123-4c30-bc55-ca6d69e2f5ed
17446921-3a65-4df6-aace-9206324528fe,firstName-17446921,lastName-17446921,57790684-8123-4c30-bc55-ca6d69e2f5ed
17446922-606a-45da-bccc-475c00a43e81,firstName-17446922,lastName-17446922,57790684-8123-4c30-bc55-ca6d69e2f5ed