ID,firstName,lastName,address_ID,telephone
21675156-7387-4f86-b6ac-7ab1c2207efb,John,Doe,23104673-9bb0-4022-9b24-674394c65dd5,555-1234
21675157-a1c8-45d0-ab2c-8f3daed3bf3e,Jane,Smith,23104673-9bb0-4022-9b24-674394c65dd5,555-5678
21675158-f565-4622-bc90-e21e223520bf,Michael,Johnson,23104673-9bb0-4022-9b24-674394c65dd5,555-8765
21675159-a025-4a29-b2af-47a3c78a9c81,Emily,Davis,23104673-9bb0-4022-9b24-674394c65dd5,555-4321
21675160-7368-44fe-b467-0b31b7d44ee0,David,Brown,23104673-9bb0-4022-9b24-674394c65dd5,555-6789
21675161-994a-4bb7-87ec-9ae4848b5f6c,Emma,Wilson,23104673-9bb0-4022-9b24-674394c65dd5,555-9876
21675162-0891-44b3-ad78-61d8856d103f,James,Moore,23104673-9bb0-4022-9b24-674394c65dd5,555-3456
21675163-5d90-48b7-82d9-36775169068e,Olivia,Taylor,23104673-9bb0-4022-9b24-674394c65dd5,555-6543
21675164-7d85-400a-8889-fa2abec6b821,William,Anderson,23104673-9bb0-4022-9b24-674394c65dd5,555-7890
21675165-2fd9-48ec-94e6-9306263bc52c,Ava,Thomas,23104673-9bb0-4022-9b24-674394c65dd5,555-0987
21675166-53e6-4c7e-b747-6cb87514a79d,Alexander,Jackson,23104673-9bb0-4022-9b24-674394c65dd5,555-2345
21675167-8a5f-48ab-8316-fda869a60557,Sophia,White,23104673-9bb0-4022-9b24-674394c65dd5,555-5432
21675168-4bc1-4f83-b204-4268542ae80e,Daniel,Harris,23104673-9bb0-4022-9b24-674394c65dd5,555-6781
21675169-69a8-4047-83c2-669f1cac5b32,Isabella,Martin,23104673-9bb0-4022-9b24-674394c65dd5,555-8761
21675170-51ae-48c5-aba4-5854902bddc4,Matthew,Thompson,23104673-9bb0-4022-9b24-674394c65dd5,555-4320
21675171-9a14-4058-8b0a-dd77334fe265,Mia,Garcia,23104673-9bb0-4022-9b24-674394c65dd5,555-6782
21675172-913b-425a-89e6-3dd56f6a547b,Joseph,Martinez,23104673-9bb0-4022-9b24-674394c65dd5,555-9872
21675173-f5c4-4eb1-a099-1566310aac24,Charlotte,Robinson,23104673-9bb0-4022-9b24-674394c65dd5,555-3452
21675174-ffd8-4e88-bd00-a0401655dc71,Christopher,Clark,23104673-9bb0-4022-9b24-674394c65dd5,555-6542
21675175-c87d-40bf-be2f-81f7df9e13b5,Amelia,Rodriguez,23104673-9bb0-4022-9b24-674394c65dd5,555-7891
21675176-17ce-4433-b8ce-e229fea43954,Joshua,Lewis,23104673-9bb0-4022-9b24-674394c65dd5,555-0981
21675177-85fe-475f-ac66-ebef3293f7dd,Harper,Lee,23104673-9bb0-4022-9b24-674394c65dd5,555-2341
21675178-0b60-4c6a-b991-3b60ffc85d7a,Andrew,Walker,23104673-9bb0-4022-9b24-674394c65dd5,555-5431
21675179-b302-4968-b922-2c488744a101,Evelyn,Hall,23104673-9bb0-4022-9b24-674394c65dd5,555-6783
21675180-f389-4694-9abf-d82af946f4dc,David,Allen,23104673-9bb0-4022-9b24-674394c65dd5,555-8763
21675181-480d-42fc-a099-189b54e39b6f,Abigail,Young,23104673-9bb0-4022-9b24-674394c65dd5,555-4323
21675182-3d6e-4ba7-8b5f-c768b7bb3649,Logan,Hernandez,23104673-9bb0-4022-9b24-674394c65dd5,555-6784
21675183-2025-4719-8574-7c13090857c2,Scarlett,King,23104673-9bb0-4022-9b24-674394c65dd5,555-9874
21675184-21b4-4ae3-93e5-a1bc92398f07,Elijah,Wright,23104673-9bb0-4022-9b24-674394c65dd5,555-3454
21675185-195a-4000-91cf-425d228a9cde,Grace,Lopez,23104673-9bb0-4022-9b24-674394c65dd5,555-6544
21675186-1589-447a-96b1-961f628fd20f,Lucas,Scott,23104673-9bb0-4022-9b24-674394c65dd5,555-7894
21675187-9916-4b1d-a655-7be5207ad5a9,Victoria,Green,23104673-9bb0-4022-9b24-674394c65dd5,555-0984
21675188-dc40-4503-9e59-df6993ad4696,Henry,Adams,23104673-9bb0-4022-9b24-674394c65dd5,555-2344
21675189-9efa-4c85-8ec9-80ea491929f0,Aria,Baker,23104673-9bb0-4022-9b24-674394c65dd5,555-5434
21675190-0580-4056-b898-9e49739d6ec1,Jackson,Nelson,23104673-9bb0-4022-9b24-674394c65dd5,555-6785
21675191-8349-4a2a-a2d0-7415e529dcd4,Chloe,Hill,23104673-9bb0-4022-9b24-674394c65dd5,555-8765
21675192-3865-4edc-afb3-940b19faa79f,Jack,Ramirez,23104673-9bb0-4022-9b24-674394c65dd5,555-4325
21675193-faae-4ade-8283-6507393e1607,Ella,Carter,23104673-9bb0-4022-9b24-674394c65dd5,555-6786
21675194-925c-47b9-8cc4-3aba18f367ad,Aiden,Mitchell,23104673-9bb0-4022-9b24-674394c65dd5,555-9876
21675195-cbc9-4393-acc5-b32911ce24e0,Zoey,Perez,23104673-9bb0-4022-9b24-674394c65dd5,555-3456
21675196-ac07-44ae-a5e8-3626eb64b863,Samuel,Roberts,23104673-9bb0-4022-9b24-674394c65dd5,555-6546
21675197-d346-4deb-b232-f2f14e6d8708,Lily,Turner,23104673-9bb0-4022-9b24-674394c65dd5,555-7896
21675198-7705-4645-aa78-1ea37ae8b1cb,Matthew,Phillips,23104673-9bb0-4022-9b24-674394c65dd5,555-0986
21675199-ab9a-49f1-b872-7bb6991468f7,Addison,Campbell,23104673-9bb0-4022-9b24-674394c65dd5,555-2346
21675200-dd1c-4685-b90d-5f670cbf6b31,David,Parker,23104673-9bb0-4022-9b24-674394c65dd5,555-5436
21675201-5f37-4cea-84c2-4f859ca183f4,Grace,Evans,23104673-9bb0-4022-9b24-674394c65dd5,555-6787
21675202-7cc8-429a-98ce-2a011a1890ba,James,Edwards,23104673-9bb0-4022-9b24-674394c65dd5,555-8767
21675203-68f4-4701-8b04-c99a02f86a23,Victoria,Collins,23104673-9bb0-4022-9b24-674394c65dd5,555-4327
21675204-903a-4edb-9f84-b374f88d9dc6,Henry,Stewart,23104673-9bb0-4022-9b24-674394c65dd5,555-6788
21675205-ccd9-45b6-8b42-484c0394578a,Aria,Sanchez,23104673-9bb0-4022-9b24-674394c65dd5,555-9878
21675206-33d3-4240-8c36-b3fb791816be,Jackson,Morris,23104673-9bb0-4022-9b24-674394c65dd5,555-3458
21675207-609a-4ff9-bc15-f1f1d9def266,Chloe,Rogers,23104673-9bb0-4022-9b24-674394c65dd5,555-6548
21675208-b2b9-4c00-952d-17776735e157,Jack,Reed,23104673-9bb0-4022-9b24-674394c65dd5,555-7898
21675209-670f-432d-9e1e-67a866bd9016,Ella,Cook,23104673-9bb0-4022-9b24-674394c65dd5,555-0988
21675210-c19a-4e1c-bd7d-3c31825a0e36,Aiden,Morgan,23104673-9bb0-4022-9b24-674394c65dd5,555-2348
21675211-4b55-4b10-abc8-ab1c36616af2,Zoey,Bell,23104673-9bb0-4022-9b24-674394c65dd5,555-5438
21675212-faa5-49dc-bb68-ce5885a585e8,Samuel,Murphy,23104673-9bb0-4022-9b24-674394c65dd5,555-6789
21675213-94d0-479b-8b44-798a7db72158,Lily,Bailey,23104673-9bb0-4022-9b24-674394c65dd5,555-8769
21675214-9f86-43d9-bcd8-f44cf5a080c7,Matthew,Rivera,23104673-9bb0-4022-9b24-674394c65dd5,555-4329
21675215-5ce2-4002-ba9f-238ec1207606,Addison,Cooper,23104673-9bb0-4022-9b24-674394c65dd5,555-6780
21675216-2779-4b8a-9e5d-ffcc0e4cfb11,David,Richardson,23104673-9bb0-4022-9b24-674394c65dd5,555-9870
21675217-8527-4b90-b6ad-3e57ab3fd6ba,Grace,Cox,23104673-9bb0-4022-9b24-674394c65dd5,555-3450
21675218-7267-45fe-9236-93f69be15dfb,James,Howard,23104673-9bb0-4022-9b24-674394c65dd5,555-6540
21675219-2a76-471e-b6df-e7d245a36c6a,Victoria,Ward,23104673-9bb0-4022-9b24-674394c65dd5,555-7890
21675220-c322-4745-87b1-2b201bdfd108,Henry,Brooks,23104673-9bb0-4022-9b24-674394c65dd5,555-0980
21675221-eb61-4bf9-8dcf-5e8a1759673a,Aria,Watson,23104673-9bb0-4022-9b24-674394c65dd5,555-2340
21675222-2e82-4c27-8e4a-ed804a2e1cdb,Jackson,Griffin,23104673-9bb0-4022-9b24-674394c65dd5,555-5430
21675223-5f7d-426e-8e00-94a52b2a15eb,Chloe,Diaz,23104673-9bb0-4022-9b24-674394c65dd5,555-6781
21675224-7bdb-4dde-9665-6652e70bdd07,Jack,Hayes,23104673-9bb0-4022-9b24-674394c65dd5,555-8761
21675225-a3f5-45b2-a303-50f3b9d4f5a7,Ella,Myers,23104673-9bb0-4022-9b24-674394c65dd5,555-4321
21675226-5704-484c-b587-6dd0eac4a79a,Aiden,Long,23104673-9bb0-4022-9b24-674394c65dd5,555-6782
21675227-d769-4d86-9500-a39df89e4558,Zoey,Foster,23104673-9bb0-4022-9b24-674394c65dd5,555-9872
21675228-59c2-4ec2-87df-a3ef544d36da,Samuel,Sanders,23104673-9bb0-4022-9b24-674394c65dd5,555-3452
21675229-4854-43b4-9cd2-5faee6518e5e,Lily,Ross,23104673-9bb0-4022-9b24-674394c65dd5,555-6542
21675230-7114-454d-be0e-1b13f23098a6,Matthew,Price,23104673-9bb0-4022-9b24-674394c65dd5,555-7891