ID,type
10137856-15cd-452d-bb10-64ce749b6f5b,type-10137856
10137857-8820-4fc8-aced-3023f5ce0b91,type-10137857
10137858-341c-468f-bfee-36c66f1d39df,type-10137858
10137859-92db-4174-ba14-cc7353379f72,type-10137859
10137860-6c0d-4c3d-9863-0b27e4ae6352,type-10137860
10137861-e12f-42a3-80ee-7c77b6485644,type-10137861
10137862-f674-45ee-95f0-ac8857be02d4,type-10137862
10137863-e7a1-4cd1-bf42-da07400b48cd,type-10137863
10137864-bd1f-40a6-b73f-f238a257ce8c,type-10137864
10137865-694c-4de9-b140-2c7677f9b732,type-10137865
10137866-ef87-4f8b-8ff1-ed5282775761,type-10137866
10137867-2c6a-4aea-8d8d-79a110fb5dd5,type-10137867
10137868-d251-45a9-a5e0-b367f8b20185,type-10137868
10137869-dc3a-40e7-a565-1b815a5e4fe9,type-10137869
10137870-178c-4488-ab85-369ef2e4bbe8,type-10137870
10137871-e0aa-4bfb-becf-2935bcf2a45f,type-10137871
10137872-ceb3-4355-8f62-9035015d525b,type-10137872
10137873-3cdb-4cd3-a84c-4f1264b66dcf,type-10137873
10137874-9d2c-437d-87c7-48544db2e3ea,type-10137874
10137875-0b3a-4483-8a39-fddd0e2f17b1,type-10137875
10137876-3863-48e7-9f75-8e07766b9afd,type-10137876
10137877-c39c-4f79-b8d4-47835412f75a,type-10137877
10137878-6210-4e8d-b261-4674ea4272a1,type-10137878
10137879-778c-4521-8292-ba9230a36c00,type-10137879
10137880-d2a8-44ee-b9cd-a54af4becad2,type-10137880
10137881-f7ca-4bbe-833a-165057b261ce,type-10137881
10137882-12c6-4e0e-a3e6-9db05a0a99fe,type-10137882
10137883-403d-4e6f-8b68-ae0b5b94cedb,type-10137883
10137884-6975-49ac-99cf-f3b81c452558,type-10137884
10137885-8409-453b-999b-94cf7466a36c,type-10137885
10137886-488a-45b2-b9d6-1bd365b914b6,type-10137886
10137887-0008-4ae4-beda-af97d7143311,type-10137887
10137888-8718-4c58-8da2-e9a56df92913,type-10137888
10137889-f866-4948-9d06-2da492a068ca,type-10137889
10137890-714b-4212-b24d-3336c6ba4fc9,type-10137890
10137891-d347-48e2-b6e7-a25ebe2a5bae,type-10137891
10137892-845c-4f83-acc2-bab3f05bc2d3,type-10137892
10137893-4f85-4dac-a837-a99f6aa5cf8f,type-10137893
10137894-ccd6-44e2-9afb-1eb2513d1790,type-10137894
10137895-937d-441a-8d4f-c23762c280f0,type-10137895
10137896-5772-4d74-a615-9e82525836a8,type-10137896
10137897-2838-4fac-b74c-cf85917dc82c,type-10137897
10137898-6aaf-4aac-b1ea-afc41c9c58c1,type-10137898
10137899-6b45-4380-a875-0b213ae787e5,type-10137899
10137900-f128-42f5-a13f-fca202862e65,type-10137900
10137901-e70b-45d2-a574-e4ea9d8ecdeb,type-10137901
10137902-cfa0-4049-aa88-5b08a494aec6,type-10137902
10137903-4ee0-44a4-86bd-0701340389b4,type-10137903
10137904-1a1e-461d-9314-12ef48b97884,type-10137904
10137905-cb9a-4b7c-b862-4f46f51cfa9f,type-10137905
10137906-251c-40a0-acfb-5aef1294e6f4,type-10137906
10137907-84c8-437a-9f8a-c8551975a561,type-10137907
10137908-f9fe-4473-bf86-0d78ea28a691,type-10137908
10137909-9ad3-4e21-a9cf-b1c3e797dbaa,type-10137909
10137910-0c2e-4ab5-bbe9-e81400dd2687,type-10137910
10137911-82e6-477f-8e2c-c8a29a42f7ec,type-10137911
10137912-74ab-43dd-9d7d-ca10d9822485,type-10137912
10137913-fb0c-4708-9d86-d02d398e3d93,type-10137913
10137914-e6a5-43c6-b2dc-fc56776e6b3b,type-10137914
10137915-2452-4181-aecc-cc6d92fc2004,type-10137915
10137916-6510-4f96-806f-19d3066f1bde,type-10137916
10137917-8145-4e83-bdec-9955427ecb6a,type-10137917
10137918-de06-472f-a609-05657216db90,type-10137918
10137919-cccd-4acf-9397-11897beead2a,type-10137919
10137920-a7ef-410a-af5a-99301c7f56ab,type-10137920
10137921-36b3-404b-bfd4-0c53c5252755,type-10137921
10137922-635e-43a7-a758-f9cc73b6c99f,type-10137922
10137923-e023-4321-86e2-56980ae188dd,type-10137923
10137924-7385-4faf-93df-9c1868d1f000,type-10137924
10137925-88cb-4646-8bad-b4d841a49282,type-10137925
10137926-c24f-4424-b657-6e0f43882d75,type-10137926
10137927-0b57-4f7d-9fa1-21169869ce23,type-10137927
10137928-77fc-4628-aa45-8cdc45a6b8f3,type-10137928
10137929-b91b-403c-8d5f-d1400bda93ab,type-10137929
10137930-717c-4286-bd24-55df1cb0e362,type-10137930
10137931-4d2d-4c70-9555-78e7f7943c07,type-10137931
10137932-9d57-43c0-9226-c567b1f66437,type-10137932
10137933-59eb-43d1-a917-39fba496b169,type-10137933
10137934-b262-4534-b8f6-0687065bd4d5,type-10137934
10137935-b7cc-48a1-b6d2-bf2a12a63daa,type-10137935
10137936-251c-4c7b-9f0c-20588c593865,type-10137936
10137937-f662-4a11-8b6c-7219f03a0067,type-10137937
10137938-1efe-4aa1-a1c3-bff7e6c40e77,type-10137938
10137939-3470-4b07-b3d6-353637491b64,type-10137939
10137940-4471-48fa-8940-d1239933fdf7,type-10137940
10137941-4ace-4d63-98a9-c0fa55e4f27a,type-10137941
10137942-a2bb-48d1-bb39-9d8715409c71,type-10137942
10137943-59b7-43b9-88d9-4d9bbd603a8c,type-10137943
10137944-0e20-44be-9cbd-198343043b6a,type-10137944
10137945-4d44-4fc0-b970-5405b8c96cb6,type-10137945
10137946-3b39-4c66-b1e2-eb6f8482e241,type-10137946
10137947-826c-4559-9c9a-2f68b4dbd91e,type-10137947
10137948-e86d-4270-b186-6c5ba83315e8,type-10137948
10137949-58c7-417b-a98b-65f8c0ff0393,type-10137949
10137950-e06c-4901-a8ee-221c3eaeda86,type-10137950
10137951-1425-4852-b472-c0845a101597,type-10137951
10137952-3c6a-415e-9b89-6020101392a9,type-10137952
10137953-2682-478b-aed9-6e24a37ff397,type-10137953
10137954-4a9c-410c-91bd-222912799afd,type-10137954
10137955-b40a-459c-9c35-bc7aabe4e1c8,type-10137955