ID,visitDate,description
10984524-dd14-4060-9211-22635633ae45,2001-07-10,description-10984524
10984525-6af2-4219-937f-aa82d107f86c,2008-05-02,description-10984525
10984526-4826-40e2-a38e-2172bac21bfc,2014-12-28,description-10984526
10984527-2e1d-489c-a1ec-c6dc4541954c,2012-07-10,description-10984527
10984528-326d-4ac0-837f-b904b860634b,2006-06-14,description-10984528
10984529-97df-471a-8b02-45d38a646f73,2013-02-22,description-10984529
10984530-424f-476c-b677-e693e82c54a0,2012-10-11,description-10984530
10984531-c566-4c89-a39f-a6e06f74ec97,2000-01-24,description-10984531
10984532-7998-4ff7-a99a-cb40dba4f515,2007-06-19,description-10984532
10984533-d21c-45e6-8279-e46c34ca09bd,2010-05-24,description-10984533
10984534-acfb-470f-ae19-bba0a043225e,2007-09-16,description-10984534
10984535-fffa-4f5b-b699-99a46c1090a1,2011-09-07,description-10984535
10984536-90e0-4e80-b84c-0ff851190767,2017-06-26,description-10984536
10984537-09ae-4d45-853d-f4eb581ddf60,2015-02-14,description-10984537
10984538-8a50-4140-b8b1-2127e5332cf6,2021-07-19,description-10984538
10984539-b2cd-490f-b79a-66c3fb44a22e,2008-05-21,description-10984539
10984540-b9b8-44e8-a1dc-5917b31bc171,2004-12-03,description-10984540
10984541-f73e-49b5-becf-ffa5f2f1ed57,2013-09-04,description-10984541
10984542-3b3f-4bfd-99f1-443cd02d54bd,2001-07-14,description-10984542
10984543-8e87-4752-9cef-a803ae89921a,2020-12-16,description-10984543
10984544-3f5a-4fc1-9a00-ca1d74bcbf88,2021-10-23,description-10984544
10984545-0cd9-4893-8c96-0a1d14c84ba4,2010-03-18,description-10984545
10984546-10ea-46e9-95db-52f5da6f3f1e,2017-07-18,description-10984546
10984547-b452-4c82-9043-a51c1d196408,2016-06-22,description-10984547
10984548-bb51-4a71-80ad-f8ec31282738,2000-10-26,description-10984548
10984549-0600-4bf7-bbf3-a0ae1ae153b6,2016-09-12,description-10984549
10984550-a56c-4eb3-9d16-ed58120ca770,2012-10-06,description-10984550
10984551-8ecd-4322-8cb0-c6fcf67caaa6,2000-12-17,description-10984551
10984552-396e-40f1-a66d-8dde0daf7253,2021-01-27,description-10984552
10984553-14c8-4a3d-9831-65fd04bcd111,2006-12-17,description-10984553
10984554-e7a3-4117-84d3-bbb265839fdb,2015-07-04,description-10984554
10984555-ee3c-4239-bd8c-20b86abdd94d,2016-01-06,description-10984555
10984556-a693-47de-9bdf-e5170be4df7a,2009-10-26,description-10984556
10984557-9347-440d-aa0a-160e24bebda7,2000-10-02,description-10984557
10984558-605c-4609-b894-512d6268f748,2005-04-25,description-10984558
10984559-d02b-473e-97e3-82065df9e4d5,2019-04-12,description-10984559
10984560-d67d-4b16-962a-5d72471d0fc3,2013-10-17,description-10984560
10984561-c168-401f-bd36-ad2fec4829d7,2001-07-28,description-10984561
10984562-e664-4775-83c0-3c1335b1609b,2023-11-22,description-10984562
10984563-f3bf-4cc7-ab87-a62abdb6eefc,2004-05-08,description-10984563
10984564-8bc1-4964-87c2-c77db82efb42,2002-02-21,description-10984564
10984565-e455-4b51-96ba-3aebcf378934,2020-08-04,description-10984565
10984566-6988-4f1f-89af-a33b9dff9141,2008-01-31,description-10984566
10984567-e99d-4a9c-a944-d9ea9880cf4a,2015-12-06,description-10984567
10984568-d7ef-4961-ab92-a4715d1af913,2013-04-15,description-10984568
10984569-bd12-4ff0-8d99-6a9d944d0318,2015-04-21,description-10984569
10984570-acdd-417a-879b-7be81a007af7,2023-01-14,description-10984570
10984571-f298-4f3b-b95a-053520861c15,2021-03-31,description-10984571
10984572-f228-4375-aaf5-ebdec25fa7fe,2022-08-30,description-10984572
10984573-39b1-4dab-ad4e-12a0821c2c95,2011-06-22,description-10984573
10984574-01a0-4123-96ff-ea5fb808122f,2012-10-20,description-10984574
10984575-7380-4ae2-bae7-0b2de4f07a6b,2007-06-25,description-10984575
10984576-fc74-479a-9091-a6016386644e,2014-11-06,description-10984576
10984577-fa5f-46f7-b414-1f53ba09f298,2008-10-31,description-10984577
10984578-36c3-4d76-bc55-4ab2f4026292,2020-12-14,description-10984578
10984579-9c30-466c-9e99-92ed8c1519f1,2017-04-11,description-10984579
10984580-faf3-4965-b0ff-eb3f0eacfa63,2019-07-16,description-10984580
10984581-4b0c-48da-affe-dd547fa870e8,2006-03-21,description-10984581
10984582-51b9-4f19-9a3c-5c678ad19672,2010-07-19,description-10984582
10984583-c5bf-4256-8fb9-2a45b50cb117,2007-10-03,description-10984583
10984584-419c-4731-863f-9ec5f9c721e6,2019-12-22,description-10984584
10984585-6de6-4f7b-bddd-e602decde4bf,2015-06-04,description-10984585
10984586-ae47-4675-a058-95705e7f7440,2002-11-26,description-10984586
10984587-8e37-4c39-a741-99c61ee9c73a,2012-11-20,description-10984587
10984588-59e8-4425-a8f7-2ee40de2c3c7,2013-07-26,description-10984588
10984589-f69b-4421-950d-6740f072eddd,2004-12-22,description-10984589
10984590-ad7f-482e-9dc3-ef9c8458ec5d,2000-10-04,description-10984590
10984591-0329-4efe-8c07-03e274ae0f93,2019-05-10,description-10984591
10984592-fd93-4f79-8030-c95b0662bc9d,2018-04-19,description-10984592
10984593-fe3f-4944-9728-95e396b230a4,2005-12-11,description-10984593
10984594-be4d-41e7-9c05-6319073d7ad2,2000-07-30,description-10984594
10984595-2b89-4c4d-a3be-ff318f846e12,2007-12-07,description-10984595
10984596-bd08-4383-9ca2-c7c09a362613,2018-10-26,description-10984596
10984597-4171-4e15-bcab-002f9eea1188,2010-09-26,description-10984597
10984598-dcfc-4b86-958e-fa908ce4b106,2009-03-18,description-10984598
10984599-01aa-457a-a5aa-2daa8643b5ce,2009-10-28,description-10984599
10984600-81e3-4241-a69b-29816084266c,2004-07-17,description-10984600
10984601-51b6-4c6c-83e5-031668dfd9be,2012-02-02,description-10984601
10984602-9640-4e27-89c0-0b8a90a8ae27,2015-04-27,description-10984602
10984603-7702-42f1-9527-80cc7215a5d5,2001-03-11,description-10984603
10984604-aed4-49e9-8388-961350b95309,2011-08-16,description-10984604
10984605-de1e-44e1-bcc4-7a45e9056640,2013-06-10,description-10984605
10984606-eec1-4dcc-9a9b-a62cfd0b13ce,2015-01-14,description-10984606
10984607-6d2c-4f3a-8107-dd98f70d20f1,2004-07-19,description-10984607
10984608-c226-4672-8b0d-02e03ca1d851,2002-04-20,description-10984608
10984609-9bc4-43a0-a002-1e931a161941,2017-05-01,description-10984609
10984610-e6bb-4719-9155-6e0d2211866c,2021-09-22,description-10984610
10984611-cfd0-4065-8e4a-e0521dca61b0,2004-09-19,description-10984611
10984612-a85e-41a0-bdc5-bc49441cb809,2015-06-06,description-10984612
10984613-25a0-4b87-b043-6adcad399b2f,2010-12-12,description-10984613
10984614-5b39-422b-8e24-770d00822424,2005-04-17,description-10984614
10984615-c266-4a8e-8df0-b3dc58fd013a,2020-05-31,description-10984615
10984616-71b7-4336-a089-3e0daaa97069,2019-03-19,description-10984616
10984617-cbc1-438c-bb59-9378aed7a333,2007-06-21,description-10984617
10984618-683d-4d1e-90bb-eeb0a18ca275,2017-01-26,description-10984618
10984619-8215-40cb-926d-b0918ab5b53a,2009-08-10,description-10984619
10984620-9c77-4077-b6ee-925e2dc8babe,2004-06-11,description-10984620
10984621-68dd-47c6-8aee-dbc263beafb0,2010-06-29,description-10984621
10984622-577b-4937-9521-205d5bd1b22f,2015-05-16,description-10984622
10984623-c631-4dc6-9916-7363db4818c6,2011-11-08,description-10984623